{
    "gpt4": {
        "n_input_tokens": 149589,
        "n_output_tokens": 1291,
        "cost": 1.5346199999999994
    },
    "mixtral": {
        "n_input_tokens": 3497111,
        "n_output_tokens": 1332596,
        "cost": 2.5065171499999943
    },
    "mistral_large": {
        "n_input_tokens": 1982023,
        "n_output_tokens": 86594,
        "cost": 17.93443999999997
    }
}