{
    "gpt4": {
        "n_input_tokens": 198605,
        "n_output_tokens": 1729,
        "cost": 2.037920000000003
    },
    "mixtral": {
        "n_input_tokens": 4309120,
        "n_output_tokens": 1451979,
        "cost": 2.955489299999998
    },
    "mistral_large": {
        "n_input_tokens": 2372402,
        "n_output_tokens": 100771,
        "cost": 21.397719999999964
    }
}