{
    "gpt4": {
        "n_input_tokens": 405937,
        "n_output_tokens": 3335,
        "cost": 4.159419999999992
    },
    "mixtral": {
        "n_input_tokens": 7211723,
        "n_output_tokens": 2934403,
        "cost": 5.299357449999981
    },
    "mistral_large": {
        "n_input_tokens": 4760828,
        "n_output_tokens": 194665,
        "cost": 42.75858399999995
    }
}