{
    "gpt4": {
        "n_input_tokens": 310573,
        "n_output_tokens": 2596,
        "cost": 3.183610000000002
    },
    "mixtral": {
        "n_input_tokens": 7211723,
        "n_output_tokens": 2934403,
        "cost": 5.299357449999981
    },
    "mistral_large": {
        "n_input_tokens": 3571690,
        "n_output_tokens": 148033,
        "cost": 32.12631199999997
    }
}