{
    "gpt4": {
        "n_input_tokens": 496928,
        "n_output_tokens": 3935,
        "cost": 5.0873299999999935
    },
    "mixtral": {
        "n_input_tokens": 7879945,
        "n_output_tokens": 3160089,
        "cost": 5.758037549999971
    },
    "mistral_large": {
        "n_input_tokens": 5759791,
        "n_output_tokens": 246887,
        "cost": 52.00361599999989
    }
}